Workbook

Sheet Core Cutting Record
A1: CORE CUTTING RECORD — BITUMINOUS LAYER THICKNESS
A2: Construction Quality Division, Ministry of Infrastructure & Transport — Royal Government of Bhutan
A4: Project / Work Name : | G4: Contract / Package No. :
A5: Road / Chainage Section : | G5: Dzongkhag :
A6: Date of Core Cutting : | G6: Layer(s) Tested : | I6: DBM + AC/BC
A7: Tested / Witnessed By : | G7: Contractor :
A9: Acceptance limit — minimum thickness as % of design, applied to EACH layer : | F9: 0.95 | G9: ← editable. Drives the Remarks column and the Summary sheet.
A11: Chainage | B11: Core No. | C11: Position | D11: DBM (mm) | G11: AC/BC (mm) | J11: TOTAL (mm) | M11: Remarks
D12: Design | E12: Actual | F12: % | G12: Design | H12: Actual | I12: % | J12: Design | K12: Actual | L12: %
F13: =IF(OR(D13="",E13=""),"",E13/D13) | I13: =IF(OR(G13="",H13=""),"",H13/G13) | J13: =IF(COUNT(D13,G13)=0,"",SUM(D13,G13)) | K13: =IF(COUNT(E13,H13)=0,"",SUM(E13,H13)) | L13: =IF(OR(J13="",J13=0,K13=""),"",K13/J13) | M13: =IF(L13="","",IF(AND(F13>=$F$9,I13>=$F$9),"Both layers within tolerance","Deficient: "&IF(I13<$F$9,"AC/BC "&TEXT(G13-H13,"0.0")&" mm short","")&IF(AND(I13<$F$9,F13<$F$9),"; ","")&IF(F13<$F$9,"DBM "&TEXT(D13-E13,"0.0")&" mm short","")&" — issue NCR"))
F14: =IF(OR(D14="",E14=""),"",E14/D14) | I14: =IF(OR(G14="",H14=""),"",H14/G14) | J14: =IF(COUNT(D14,G14)=0,"",SUM(D14,G14)) | K14: =IF(COUNT(E14,H14)=0,"",SUM(E14,H14)) | L14: =IF(OR(J14="",J14=0,K14=""),"",K14/J14) | M14: =IF(L14="","",IF(AND(F14>=$F$9,I14>=$F$9),"Both layers within tolerance","Deficient: "&IF(I14<$F$9,"AC/BC "&TEXT(G14-H14,"0.0")&" mm short","")&IF(AND(I14<$F$9,F14<$F$9),"; ","")&IF(F14<$F$9,"DBM "&TEXT(D14-E14,"0.0")&" mm short","")&" — issue NCR"))
F15: =IF(OR(D15="",E15=""),"",E15/D15) | I15: =IF(OR(G15="",H15=""),"",H15/G15) | J15: =IF(COUNT(D15,G15)=0,"",SUM(D15,G15)) | K15: =IF(COUNT(E15,H15)=0,"",SUM(E15,H15)) | L15: =IF(OR(J15="",J15=0,K15=""),"",K15/J15) | M15: =IF(L15="","",IF(AND(F15>=$F$9,I15>=$F$9),"Both layers within tolerance","Deficient: "&IF(I15<$F$9,"AC/BC "&TEXT(G15-H15,"0.0")&" mm short","")&IF(AND(I15<$F$9,F15<$F$9),"; ","")&IF(F15<$F$9,"DBM "&TEXT(D15-E15,"0.0")&" mm short","")&" — issue NCR"))
F16: =IF(OR(D16="",E16=""),"",E16/D16) | I16: =IF(OR(G16="",H16=""),"",H16/G16) | J16: =IF(COUNT(D16,G16)=0,"",SUM(D16,G16)) | K16: =IF(COUNT(E16,H16)=0,"",SUM(E16,H16)) | L16: =IF(OR(J16="",J16=0,K16=""),"",K16/J16) | M16: =IF(L16="","",IF(AND(F16>=$F$9,I16>=$F$9),"Both layers within tolerance","Deficient: "&IF(I16<$F$9,"AC/BC "&TEXT(G16-H16,"0.0")&" mm short","")&IF(AND(I16<$F$9,F16<$F$9),"; ","")&IF(F16<$F$9,"DBM "&TEXT(D16-E16,"0.0")&" mm short","")&" — issue NCR"))
F17: =IF(OR(D17="",E17=""),"",E17/D17) | I17: =IF(OR(G17="",H17=""),"",H17/G17) | J17: =IF(COUNT(D17,G17)=0,"",SUM(D17,G17)) | K17: =IF(COUNT(E17,H17)=0,"",SUM(E17,H17)) | L17: =IF(OR(J17="",J17=0,K17=""),"",K17/J17) | M17: =IF(L17="","",IF(AND(F17>=$F$9,I17>=$F$9),"Both layers within tolerance","Deficient: "&IF(I17<$F$9,"AC/BC "&TEXT(G17-H17,"0.0")&" mm short","")&IF(AND(I17<$F$9,F17<$F$9),"; ","")&IF(F17<$F$9,"DBM "&TEXT(D17-E17,"0.0")&" mm short","")&" — issue NCR"))
F18: =IF(OR(D18="",E18=""),"",E18/D18) | I18: =IF(OR(G18="",H18=""),"",H18/G18) | J18: =IF(COUNT(D18,G18)=0,"",SUM(D18,G18)) | K18: =IF(COUNT(E18,H18)=0,"",SUM(E18,H18)) | L18: =IF(OR(J18="",J18=0,K18=""),"",K18/J18) | M18: =IF(L18="","",IF(AND(F18>=$F$9,I18>=$F$9),"Both layers within tolerance","Deficient: "&IF(I18<$F$9,"AC/BC "&TEXT(G18-H18,"0.0")&" mm short","")&IF(AND(I18<$F$9,F18<$F$9),"; ","")&IF(F18<$F$9,"DBM "&TEXT(D18-E18,"0.0")&" mm short","")&" — issue NCR"))
F19: =IF(OR(D19="",E19=""),"",E19/D19) | I19: =IF(OR(G19="",H19=""),"",H19/G19) | J19: =IF(COUNT(D19,G19)=0,"",SUM(D19,G19)) | K19: =IF(COUNT(E19,H19)=0,"",SUM(E19,H19)) | L19: =IF(OR(J19="",J19=0,K19=""),"",K19/J19) | M19: =IF(L19="","",IF(AND(F19>=$F$9,I19>=$F$9),"Both layers within tolerance","Deficient: "&IF(I19<$F$9,"AC/BC "&TEXT(G19-H19,"0.0")&" mm short","")&IF(AND(I19<$F$9,F19<$F$9),"; ","")&IF(F19<$F$9,"DBM "&TEXT(D19-E19,"0.0")&" mm short","")&" — issue NCR"))
F20: =IF(OR(D20="",E20=""),"",E20/D20) | I20: =IF(OR(G20="",H20=""),"",H20/G20) | J20: =IF(COUNT(D20,G20)=0,"",SUM(D20,G20)) | K20: =IF(COUNT(E20,H20)=0,"",SUM(E20,H20)) | L20: =IF(OR(J20="",J20=0,K20=""),"",K20/J20) | M20: =IF(L20="","",IF(AND(F20>=$F$9,I20>=$F$9),"Both layers within tolerance","Deficient: "&IF(I20<$F$9,"AC/BC "&TEXT(G20-H20,"0.0")&" mm short","")&IF(AND(I20<$F$9,F20<$F$9),"; ","")&IF(F20<$F$9,"DBM "&TEXT(D20-E20,"0.0")&" mm short","")&" — issue NCR"))
F21: =IF(OR(D21="",E21=""),"",E21/D21) | I21: =IF(OR(G21="",H21=""),"",H21/G21) | J21: =IF(COUNT(D21,G21)=0,"",SUM(D21,G21)) | K21: =IF(COUNT(E21,H21)=0,"",SUM(E21,H21)) | L21: =IF(OR(J21="",J21=0,K21=""),"",K21/J21) | M21: =IF(L21="","",IF(AND(F21>=$F$9,I21>=$F$9),"Both layers within tolerance","Deficient: "&IF(I21<$F$9,"AC/BC "&TEXT(G21-H21,"0.0")&" mm short","")&IF(AND(I21<$F$9,F21<$F$9),"; ","")&IF(F21<$F$9,"DBM "&TEXT(D21-E21,"0.0")&" mm short","")&" — issue NCR"))
F22: =IF(OR(D22="",E22=""),"",E22/D22) | I22: =IF(OR(G22="",H22=""),"",H22/G22) | J22: =IF(COUNT(D22,G22)=0,"",SUM(D22,G22)) | K22: =IF(COUNT(E22,H22)=0,"",SUM(E22,H22)) | L22: =IF(OR(J22="",J22=0,K22=""),"",K22/J22) | M22: =IF(L22="","",IF(AND(F22>=$F$9,I22>=$F$9),"Both layers within tolerance","Deficient: "&IF(I22<$F$9,"AC/BC "&TEXT(G22-H22,"0.0")&" mm short","")&IF(AND(I22<$F$9,F22<$F$9),"; ","")&IF(F22<$F$9,"DBM "&TEXT(D22-E22,"0.0")&" mm short","")&" — issue NCR"))
F23: =IF(OR(D23="",E23=""),"",E23/D23) | I23: =IF(OR(G23="",H23=""),"",H23/G23) | J23: =IF(COUNT(D23,G23)=0,"",SUM(D23,G23)) | K23: =IF(COUNT(E23,H23)=0,"",SUM(E23,H23)) | L23: =IF(OR(J23="",J23=0,K23=""),"",K23/J23) | M23: =IF(L23="","",IF(AND(F23>=$F$9,I23>=$F$9),"Both layers within tolerance","Deficient: "&IF(I23<$F$9,"AC/BC "&TEXT(G23-H23,"0.0")&" mm short","")&IF(AND(I23<$F$9,F23<$F$9),"; ","")&IF(F23<$F$9,"DBM "&TEXT(D23-E23,"0.0")&" mm short","")&" — issue NCR"))
F24: =IF(OR(D24="",E24=""),"",E24/D24) | I24: =IF(OR(G24="",H24=""),"",H24/G24) | J24: =IF(COUNT(D24,G24)=0,"",SUM(D24,G24)) | K24: =IF(COUNT(E24,H24)=0,"",SUM(E24,H24)) | L24: =IF(OR(J24="",J24=0,K24=""),"",K24/J24) | M24: =IF(L24="","",IF(AND(F24>=$F$9,I24>=$F$9),"Both layers within tolerance","Deficient: "&IF(I24<$F$9,"AC/BC "&TEXT(G24-H24,"0.0")&" mm short","")&IF(AND(I24<$F$9,F24<$F$9),"; ","")&IF(F24<$F$9,"DBM "&TEXT(D24-E24,"0.0")&" mm short","")&" — issue NCR"))
... F32: =IF(OR(D32="",E32=""),"",E32/D32) | I32: =IF(OR(G32="",H32=""),"",H32/G32) | J32: =IF(COUNT(D32,G32)=0,"",SUM(D32,G32)) | K32: =IF(COUNT(E32,H32)=0,"",SUM(E32,H32)) | L32: =IF(OR(J32="",J32=0,K32=""),"",K32/J32) | M32: =IF(L32="","",IF(AND(F32>=$F$9,I32>=$F$9),"Both layers within tolerance","Deficient: "&IF(I32<$F$9,"AC/BC "&TEXT(G32-H32,"0.0")&" mm short","")&IF(AND(I32<$F$9,F32<$F$9),"; ","")&IF(F32<$F$9,"DBM "&TEXT(D32-E32,"0.0")&" mm short","")&" — issue NCR"))
A33: AVERAGE / MEAN | D33: =IFERROR(AVERAGE(D13:D32),"") | E33: =IFERROR(AVERAGE(E13:E32),"") | F33: =IFERROR(AVERAGE(F13:F32),"") | G33: =IFERROR(AVERAGE(G13:G32),"") | H33: =IFERROR(AVERAGE(H13:H32),"") | I33: =IFERROR(AVERAGE(I13:I32),"") | J33: =IFERROR(AVERAGE(J13:J32),"") | K33: =IFERROR(AVERAGE(K13:K32),"") | L33: =IFERROR(AVERAGE(L13:L32),"") | M33: =IF(L33="","",IF(AND(F33>=$F$9,I33>=$F$9),"Mean of both layers acceptable","Mean thickness deficient in one or both layers"))
A35: LEGEND & NOTES
A36: 1. Blue text on yellow / grey = cells you type in. Black text = formulas — do not overwrite.
A37: 2. Enter only Chainage, Core No., Position, and the four Design / Actual thickness values. Everything else is calculated.
A38: 3. DBM % = DBM Actual ÷ DBM Design • AC/BC % = AC/BC Actual ÷ AC/BC Design
A39: 4. Total Design = DBM Design + AC/BC Design • Total Actual = DBM Actual + AC/BC Actual • Total % = Total Actual ÷ Total Design
A40: 5. Remarks is automatic: it compares Total % against the acceptance limit in cell F9 and reports the shortfall in mm where deficient.
A41: 6. Confirm design thicknesses (DBM and AC/BC) against the approved drawing / BOQ for this stretch before entering actual values.
A42: 7. The Summary sheet is fully linked to this sheet — no re-typing. Rows 13 to 32 are pre-formatted; add cores by filling the grey rows.
A45: Name & Signature : | E45: Name & Signature : | J45: Name & Signature :
A46: Contractor's Representative | E46: Site Engineer / Overseer | J46: Senior Engineer, CQD

Sheet Summary
A1: CORE CUTTING — SUMMARY OF RESULTS
A2: All figures are live links to the 'Core Cutting Record' sheet. Nothing on this sheet is typed.
B4: Project / Work Name | C4: ='Core Cutting Record'!B4
B5: Contract / Package No. | C5: ='Core Cutting Record'!I4
B6: Date of Core Cutting | C6: ='Core Cutting Record'!B6
B8: Parameter | C8: DBM | D8: AC/BC | E8: Total | F8: Remarks
B9: No. of cores tested | C9: =COUNT('Core Cutting Record'!E13:E32) | D9: =COUNT('Core Cutting Record'!H13:H32) | E9: =COUNT('Core Cutting Record'!K13:K32) | F9: Count of cores with a recorded thickness
B10: Design thickness (mm) | C10: =IFERROR(AVERAGE('Core Cutting Record'!D13:D32),"") | D10: =IFERROR(AVERAGE('Core Cutting Record'!G13:G32),"") | E10: =IFERROR(AVERAGE('Core Cutting Record'!J13:J32),"") | F10: Mean design thickness as per drawing / BOQ
B11: Mean actual thickness (mm) | C11: =IFERROR(AVERAGE('Core Cutting Record'!E13:E32),"") | D11: =IFERROR(AVERAGE('Core Cutting Record'!H13:H32),"") | E11: =IFERROR(AVERAGE('Core Cutting Record'!K13:K32),"") | F11: Arithmetic mean of cores measured
B12: Minimum actual thickness (mm) | C12: =IFERROR(MIN('Core Cutting Record'!E13:E32),"") | D12: =IFERROR(MIN('Core Cutting Record'!H13:H32),"") | E12: =IFERROR(MIN('Core Cutting Record'!K13:K32),"") | F12: Governing core for acceptance
B13: Maximum actual thickness (mm) | C13: =IFERROR(MAX('Core Cutting Record'!E13:E32),"") | D13: =IFERROR(MAX('Core Cutting Record'!H13:H32),"") | E13: =IFERROR(MAX('Core Cutting Record'!K13:K32),"")
B14: Mean thickness achieved (%) | C14: =IFERROR(AVERAGE('Core Cutting Record'!F13:F32),"") | D14: =IFERROR(AVERAGE('Core Cutting Record'!I13:I32),"") | E14: =IFERROR(AVERAGE('Core Cutting Record'!L13:L32),"") | F14: Mean of the per-core percentages
B15: Lowest single core (%) | C15: =IFERROR(MIN('Core Cutting Record'!F13:F32),"") | D15: =IFERROR(MIN('Core Cutting Record'!I13:I32),"") | E15: =IFERROR(MIN('Core Cutting Record'!L13:L32),"") | F15: Compare against the acceptance limit below
B16: Mean deviation from design (mm) | C16: =IFERROR(AVERAGE('Core Cutting Record'!E13:E32)-AVERAGE('Core Cutting Record'!D13:D32),"") | D16: =IFERROR(AVERAGE('Core Cutting Record'!H13:H32)-AVERAGE('Core Cutting Record'!G13:G32),"") | E16: =IFERROR(AVERAGE('Core Cutting Record'!K13:K32)-AVERAGE('Core Cutting Record'!J13:J32),"") | F16: Negative = shortfall against design
B18: Acceptance limit set on record sheet (cell F9) | E18: ='Core Cutting Record'!$F$9
B19: Cores within tolerance | E19: =COUNTIFS('Core Cutting Record'!F13:F32,">="&$E$18,'Core Cutting Record'!I13:I32,">="&$E$18)
B20: Cores deficient (NCR required) | E20: =COUNT('Core Cutting Record'!L13:L32)-E19
B21: of which AC/BC layer below limit | C21: =COUNTIFS('Core Cutting Record'!I13:I32,"<"&$E$18)
B22: of which DBM layer below limit | C22: =COUNTIFS('Core Cutting Record'!F13:F32,"<"&$E$18)
B24: =IF(COUNT('Core Cutting Record'!L13:L32)=0,"No cores recorded yet.",IF(E20=0,"RESULT: All "&E19&" core(s) meet the "&TEXT(E18,"0.0%")&" acceptance limit — layer thickness accepted.","RESULT: "&E20&" of "&COUNT('Core Cutting Record'!L13:L32)&" core(s) below the "&TEXT(E18,"0.0%")&" limit — raise NCR and obtain ATR from the contractor."))
B26: Note: acceptance of an individual core is judged here on total bituminous thickness. Where the contract judges DBM and AC/BC separately, read the per-layer % columns on the record sheet.

Sheet Core Log & Procedure
A1: CORE LOG — LAYER IDENTIFICATION & FIELD PROCEDURE
B3: Typical core section (mean values linked from the record sheet) | G3: FIELD PROCEDURE
C4: Design (mm) | D4: Mean actual (mm) | E4: Achieved % | G4: 1. Cut cores only after the layer has cooled and gained strength; record date, chainage and offset before extraction.
B5: ▲ ROAD SURFACE ▲ | G5: 2. Take cores transversely at Left / Centre / Right of the carriageway at each chainage so transverse variation is captured.
B6: AC / BC — Wearing Course | C6: =IF('Core Cutting Record'!G33="","—",'Core Cutting Record'!G33) | D6: =IF('Core Cutting Record'!H33="","—",'Core Cutting Record'!H33) | E6: =IF('Core Cutting Record'!I33="","—",'Core Cutting Record'!I33) | G6: 3. Identify the layer boundary on the extracted core: from the top, AC/BC → DBM → granular base. The tack-coat interface is usually visible as a dark line and by the change in aggregate size.
G7: 4. Measure each layer at 3 or 4 points around the circumference and record the mean for that layer — a single caliper reading on a saw-cut face is not representative.
B8: DBM — Binder Course | C8: =IF('Core Cutting Record'!D33="","—",'Core Cutting Record'!D33) | D8: =IF('Core Cutting Record'!E33="","—",'Core Cutting Record'!E33) | E8: =IF('Core Cutting Record'!F33="","—",'Core Cutting Record'!F33) | G8: 5. Where the interface is indistinct (e.g. DBM placed on a hot AC layer), note it in the Remarks column rather than guessing a boundary; re-core if the split cannot be established.
G9: 6. Photograph each core beside a scale with the core number visible, and retain the cores until the layer is accepted.
B10: WMM / Granular base (not cored) | C10: Base of the lowest bituminous layer is the datum for measurement. | G10: 7. Backfill and seal every core hole the same day with the same mix, properly compacted.
G11: 8. Enter the values on the 'Core Cutting Record' sheet; percentages, totals and Remarks compute themselves.
B13: Total bituminous thickness = AC/BC + DBM. Never log the full core as a single thickness — the two layers are accepted separately.
B16: STANDARDS — POINTS TO VERIFY AGAINST YOUR CONTRACT
B17: • The thickness tolerance and the basis of acceptance (individual core vs. mean of a lot) are set by the specification named in the contract — enter that figure in cell F9 of the record sheet.
B18: • IS 1203 is the penetration test for bituminous materials. It is NOT a core-thickness or acceptance standard; do not cite it on this record.
B19: • Thickness of a compacted bituminous specimen is covered by ASTM D3549; sampling of compacted paving by coring is covered by ASTM D5361. Cite these only if your contract adopts ASTM.
B20: • Where the works follow the MoRTH Specifications for Road and Bridge Works, use the clause and edition stated in the contract, and quote the clause number on the NCR.
B21: • Design thicknesses vary by pavement design — confirm the DBM and AC/BC values against the approved drawing for this stretch, not against a textbook example.
